paper_id,zotero_item_key,bibtex_key,attachment_key,title,authors,year,venue,doi,metadata_completeness,needs_manual_metadata_check,local_pdf_readable,filename,pdf_sha256,pdf_page_count,parse_status,research_topic_tags,demo_suitability,selection_reason,duplicate_family,source_collections
NT-WRJA7MMA,WRJA7MMA,baiocco_metaphor_2025,ZR8VIYWU,Metaphor processing is influenced by stimulus emotionality and task demands: Evidence from ERPs,Laura Baiocco; Valeria A. Pfeifer; Vicky T. Lai,2025,Brain and Language,10.1016/j.bandl.2024.105530,complete,false,yes,Baiocco 等 - 2025 - Metaphor processing is influenced by stimulus emotionality and task demands Evidence from ERPs.pdf,e0b08a228ef57d0a6f516f15b707a0eece43308b1a32475afe72eba9495a011c,12,readable_text_extracted,emotion; EEG/ERP; N400; metaphor,core_demo,直接观察到晚期正波差异，但方向依赖任务；同一论文的意义判断任务出现 N400 和晚期负波。,none_detected,Brain and Language; collection2
NT-8XBDTNCB,8XBDTNCB,gu_processing_2026,RJJGM2QD,Processing newly learned L2 emotional words in contexts: The influence of emotional resonance on N400 and LPC congruency effects,Beixian Gu; Yang Li; Yue Qin; Wei Tang; Yang Fu; David Beltrán,2026,Brain and Language,10.1016/j.bandl.2026.105814,complete,false,yes,Gu 等 - 2026 - Processing newly learned L2 emotional words in contexts The influence of emotional resonance on N40.pdf,62e23132108b92ff816bb9b075c0b5ab87b8d0436f3c4469d01824c87710cb85,14,readable_text_extracted,emotion; EEG/ERP; N400; LPC/PCA; bilingual/L2,core_demo,情绪共鸣作为个体差异调节 LPC，但材料是新学伪词且任务为情绪一致性判断。,none_detected,Brain and Language
NT-FM494I2T,FM494I2T,meynadasy_emotion_2022,JYB536HJ,Emotion regulation and the late positive potential (LPP) in older adults,Melissa A. Meynadasy; C.J. Brush; Julia Sheffler; Russell Mach; Dawn Carr; Dimitris Kiosses; Greg Hajcak; Natalie Sachs-Ericsson,2022,International Journal of Psychophysiology,10.1016/j.ijpsycho.2022.05.013,complete,false,yes,Meynadasy 等 - 2022 - Emotion regulation and the late positive potential (LPP) in older adults.pdf,ac9024acb07392d516f60066577acb6b2493069e3e1d191fd674063291838c18,11,readable_text_extracted,emotion; EEG/ERP; LPC/PCA,core_demo,在图片任务中直接比较情绪显著与中性刺激并观察 LPP 振幅差异。,none_detected,paper2
NT-5PICEPUM,5PICEPUM,brown_functional_2012,M9WULFKJ,Functional significance of the emotion-related late positive potential,Stephen B. R. E. Brown; Henk Van Steenbergen; Guido P. H. Band; Mischa De Rover; Sander Nieuwenhuis,2012,Frontiers in Human Neuroscience,10.3389/fnhum.2012.00033,complete,false,yes,Brown 等 - 2012 - Functional significance of the emotion-related late positive potential.pdf,8229a7f1281dd6fc693de4f772eb5bcd3724476737c374c7dea4a4af5d8ddd8e,12,readable_text_extracted,emotion; EEG/ERP; LPC/PCA,core_demo,论文讨论 LPP 的功能机制，并明确使用 preliminary evidence；它限制了把 LPP 直接解释为情绪本身的做法。,none_detected,paper2
NT-PFPR5ENP,PFPR5ENP,fields_p300_2023,I5HF428B,"The P300, the LPP, context updating, and memory: What is the functional significance of the emotion-related late positive potential?",Eric C. Fields,2023,International Journal of Psychophysiology,10.1016/j.ijpsycho.2023.08.005,complete,false,yes,"Fields - 2023 - The P300, the LPP, context updating, and memory What is the functional significance of the emotion-.pdf",7fb52f6aa1c49ceb6312298c74ea2f4ddb534145a38cdeaa14fa4afc25c9deee,10,readable_text_extracted,emotion; EEG/ERP; LPC/PCA,core_demo,综述直接指出多重决定因素，反对把 LPP 振幅单独当作唤醒度或情绪波动的普适指标。,none_detected,paper2
NT-9473VCG3,9473VCG3,citron_neural_2012,6KL8UDET,Neural correlates of written emotion word processing: A review of recent electrophysiological and hemodynamic neuroimaging studies,Francesca M.M. Citron,2012,Brain and Language,10.1016/j.bandl.2011.12.007,complete,false,yes,Citron - 2012 - Neural correlates of written emotion word processing A review of recent electrophysiological and he.pdf,689398fc7ed40d9ba7b966e8d08c1b16da4e8b987ec4299a4378bb8657c98504,17,readable_text_extracted,emotion; EEG/ERP,core_demo,该综述把跨研究不一致归因于方法差异，直接限制了对效价/唤醒度效应的强综合。,none_detected,paper1
NT-ATKC5SQC,ATKC5SQC,hajcak_event-related_2010,B4EXDXY4,"Event-related potentials, emotion, and emotion regulation: An integrative review",Greg Hajcak; Annmarie MacNamara; Doreen M. Olvet,2010,Developmental Neuropsychology,10.1080/87565640903526504,complete,false,yes,"Hajcak 等 - 2010 - Event-related potentials, emotion, and emotion regulation An integrative review.pdf",2522a519ecdc8e60731c0dea690d2f4726f32c0df4546fa7b525162e8fbf0877,28,readable_text_extracted,emotion; EEG/ERP,core_demo,支持 LPP 与情绪强度/动机显著性相关，但同段明确排除把效应简单归因于新奇或低级视觉特征。,none_detected,paper2
NT-9PIPX6I5,9PIPX6I5,hao_time_2026,NN6UF93U,Time course in metaphor processing: A meta-analysis of ERP studies,Yuanyuan Hao; Xianglan Chen,2026,Journal of Neurolinguistics,10.1016/j.jneuroling.2026.101333,complete,false,yes,Hao和Chen - 2026 - Time course in metaphor processing A meta-analysis of ERP studies.pdf,181e78677982dbf30dd0d153022252c0c0e11341429f0418bc9dbafc312b36bc,16,readable_text_extracted,EEG/ERP; N400; LPC/PCA; metaphor,core_demo,提供跨研究量化证据，但聚焦隐喻常规性而非情绪变量，只能约束 N400/LPC 的机制解释。,none_detected,collection2; collection
NT-ZL2RBLSC,ZL2RBLSC,goldstein_killing_2012,BXUSM4GA,Killing a novel metaphor and reviving a dead one: ERP correlates of metaphor conventionalization,Abraham Goldstein; Yossi Arzouan; Miriam Faust,2012,Brain and Language,10.1016/j.bandl.2012.09.008,complete,false,yes,Goldstein 等 - 2012 - Killing a novel metaphor and reviving a dead one ERP correlates of metaphor conventionalization.pdf,3a4c9ff3e39738fe42fe01dcc193bc21c662dd9e6426f125a592615d24fe5e08,6,readable_text_extracted,EEG/ERP; N400; LPC/PCA; metaphor,core_demo,证明 N400/LPC 会被先前解释与学习经历改变，因此成分差异不能只归因于刺激固有属性。,none_detected,paper1
NT-8HE4L22P,8HE4L22P,kutas_thirty_2011,EWRH4QJF,Thirty years and counting: Finding meaning in the N400 component of the event related brain potential (ERP),Marta Kutas; Kara D. Federmeier,2011,Annual review of psychology,10.1146/annurev.psych.093008.131123,complete,false,yes,Kutas和Federmeier - 2011 - Thirty years and counting Finding meaning in the N400 component of the event related brain potentia.pdf,4a68199cfbda4007a9d45b35f9ab6ca389b76dc64d8e0bb64053943d35af5421,34,readable_text_extracted,EEG/ERP; N400,core_demo,奠定 N400 的广义语义功能边界，防止把 N400 变化专门解释为情绪效应。,none_detected,paper1
NT-PBD8NAYC,PBD8NAYC,citron_metaphorical_2014,EXNK8HBW,Metaphorical sentences are more emotionally engaging than their literal counterparts,Francesca M. M. Citron; Adele E. Goldberg,2014,Journal of Cognitive Neuroscience,10.1162/jocn_a_00654,complete,false,yes,Citron和Goldberg - 2014 - Metaphorical sentences are more emotionally engaging than their literal counterparts.pdf,64cfd3ab7879001844a360fda0694686cf912c86c5be1466e88dc300c12e81d0,22,readable_text_extracted,emotion; EEG/ERP; metaphor,corpus,支持隐喻更具情绪参与，但证据来自 fMRI，不能直接推断 N400/LPC 时间进程。,none_detected,paper1
NT-GYCYN7VH,GYCYN7VH,gilioli_electrophysiological_2023,R2DI5JBM,Electrophysiological correlates of semantic pain processing in the affective priming,Anna Gilioli; Eleonora Borelli; Luana Serafini; Francesca Pesciarelli,2023,Frontiers in Psychology,10.3389/fpsyg.2023.1201581,complete,false,yes,Gilioli 等 - 2023 - Electrophysiological correlates of semantic pain processing in the affective priming.pdf,14dc2380020d35c91bdd69a0869994bd2a2f41df2fea946f13f084ccc34dba3c,15,readable_text_extracted,emotion; EEG/ERP; N400; LPC/PCA,corpus,对“情绪/疼痛语义必然调节 N400”的宽泛说法构成直接反例；效应出现在后期 LPP。,none_detected,collection2
NT-PKL57JRG,PKL57JRG,bautista_generalization_2022,NMQNTZKE,Generalization of reappraisal to novel negative stimuli as evidenced by the LPP,Faviana Bautista; Shannon E. MacDonald; Elizabeth A. Bauer; Yuhan Cheng; Annmarie MacNamara,2022,International Journal of Psychophysiology,10.1016/j.ijpsycho.2022.04.006,complete,false,yes,Bautista 等 - 2022 - Generalization of reappraisal to novel negative stimuli as evidenced by the LPP.pdf,d21e34725c551ac1dca93dfa7ae70e2003f35955cd63761e57c6c8675c4a0407,7,readable_text_extracted,emotion; EEG/ERP; LPC/PCA,corpus,直接反驳“重评必然降低 LPP/唤醒”的无条件表述；后续新图片阶段才出现较小 LPP。,none_detected,paper2
NT-54HS2AZY,54HS2AZY,cai_olfactory_2025,PIFA9TGH,Olfactory sensation emotion regulation: The implicit emotion regulation function of positive olfactory stimuli during emotional picture processing,Jiaotao Cai; Xinran Wang; Jiayi Zhou; Ye Di; Ziruo Shen; Shuo An; Bingyang Long; Yicheng Wang; Zitong Li; Yiting Li; Si Chen; Yanmei Wang,2025,NeuroImage,10.1016/j.neuroimage.2025.121569,complete,false,yes,main.pdf,213e4e1327bba4eb6bb263e66439ff684e2c0c40d300c18e031808595c73e311,11,readable_text_extracted,emotion; EEG/ERP; LPC/PCA,corpus,支持跨感官的隐性情绪调节，但具体气味、图片效价与注意阶段限定明显。,none_detected,paper2
NT-IRH47UG6,IRH47UG6,sharif_emotional_2023,MUGPJEHX,Emotional processing in bilinguals: A systematic review aimed at identifying future trends in neurolinguistics,Humera Sharif; Saqib Mahmood,2023,Humanities and Social Sciences Communications,10.1057/s41599-023-01926-1,complete,false,yes,Sharif和Mahmood - 2023 - Emotional processing in bilinguals A systematic review aimed at identifying future trends in neurol.pdf,b8d30975ce8817c3763930abe154feb97d213009d0d9efba22f150eee37575a4,12,readable_text_extracted,emotion; bilingual/L2,corpus,指出现有双语情绪加工证据在群体、材料语境和模态上不足，限制跨语言泛化。,none_detected,Nature
NT-JH5U3XYU,JH5U3XYU,xu_erp_2024,GMSHAZEM,An ERP study on the late stage of Chinese metaphor processing,Xinyi Xu; Jingting Zhang; Yuling Wang; Minghu Jiang,2024,Frontiers in Human Neuroscience,10.3389/fnhum.2024.1269153,complete,false,yes,10.3389_fnhum.2024.1269153.pdf,4a7d2559d7b7dba8aa3984d712fa12951c4d2251456a17d3d66ce2f787359397,15,readable_text_extracted,EEG/ERP; N400; metaphor,corpus,支持熟悉化与常规隐喻下的隐喻意义直接可及，但证据基于特定 300 ms 启动-探测范式。,none_detected,collection2
NT-M256T5QC,M256T5QC,tang_bilingual_2022,RUIYLBX6,Bilingual processing mechanisms of scientific metaphors and conventional metaphors: Evidence via a contrastive event-related potentials study,Xuemei Tang; Lexian Shen; Peng Yang; Yanhong Huang; Shaojuan Huang; Min Huang; Wei Ren,2022,Frontiers in Psychology,10.3389/fpsyg.2022.894114,complete,false,yes,10.3389_fpsyg.2022.894114.pdf,50a03401e3e1421145b1cf033ff0119d5e8edca63005c48c10f7b97803c2c0ed,13,readable_text_extracted,EEG/ERP; N400; LPC/PCA; metaphor; bilingual/L2,corpus,直接显示语言优势与科学隐喻类型调节 N400/LPC，但不含情绪操纵。,related_topic_independent_study_user_confirmed,collection2
NT-KGUAISW6,KGUAISW6,shen_comprehending_2022,NT2GFCYR,Comprehending scientific metaphors in the bilingual brain: Evidence from event-related potentials,Lexian Shen; Xiaoguang Li; Shaojuan Huang; Yanhong Huang; Xinyu Gao; Ziqing You; Zirun Mao; Xuemei Tang,2022,Frontiers in Psychology,10.3389/fpsyg.2022.1037525,complete,false,yes,Shen 等 - 2022 - Comprehending scientific metaphors in the bilingual brain Evidence from event-related potentials.pdf,ab4f5a047c0caa71fd6b70355f1d90628b29cc799f5b7b2445ccd21ec99a4c8a,16,readable_text_extracted,EEG/ERP; N400; LPC/PCA; metaphor; bilingual/L2,corpus,作者提出材料类别混淆，限制把 N400/LPC 差异单独归因于隐喻或语言。,related_topic_independent_study_user_confirmed,collection2
NT-P9Y77QL6,P9Y77QL6,rutter_can_2012,VCSJRZ9S,Can clouds dance? Part 2: An ERP investigation of passive conceptual expansion,Barbara Rutter; Sören Kröger; Holger Hill; Sabine Windmann; Christiane Hermann; Anna Abraham,2012,Brain and Cognition,10.1016/j.bandc.2012.08.003,complete,false,yes,Rutter 等 - 2012 - Can clouds dance Part 2 An ERP investigation of passive conceptual expansion.pdf,9a83b21f51ce07eb9345d1dd523d1d24517a0ca19b714be3e32fb2dc928ae6e9,10,readable_text_extracted,EEG/ERP; N400; metaphor,corpus,限制把 N400 直接解释为成功的创造性整合；线性趋势不等于两条件显著差异。,none_detected,Brain and Language
NT-F84Z4U84,F84Z4U84,kroger_erp_2013,BF5G3TZH,An ERP study of passive creative conceptual expansion using a modified alternate uses task,Sören Kröger; Barbara Rutter; Holger Hill; Sabine Windmann; Christiane Hermann; Anna Abraham,2013,Brain Research,10.1016/j.brainres.2013.07.007,complete,false,yes,Kröger 等 - 2013 - An ERP study of passive creative conceptual expansion using a modified alternate uses task.pdf,0872c107a8b2232fe0faeef050dd3093f16a45794417697b3884a4d6b7e1d513,10,readable_text_extracted,EEG/ERP; N400,corpus,晚期成分在此任务中索引恰当性而非单纯新颖或情绪，限制 LPC 的单一解释。,none_detected,Brain and Language
NT-TMFE3UF6,TMFE3UF6,abraham_conceptual_2021,TKFEMVE7,Conceptual expansion via novel metaphor processing: An ERP replication and extension study examining individual differences in creativity,Anna Abraham; Barbara Rutter; Christiane Hermann,2021,Brain and Language,10.1016/j.bandl.2021.105007,complete,false,yes,Abraham 等 - 2021 - Conceptual expansion via novel metaphor processing An ERP replication and extension study examining.pdf,dbcefbd148c9628ca755d64d38ea9b237e81508a93787a56d36f79d4b957c97e,12,readable_text_extracted,EEG/ERP; N400; metaphor,corpus,复现研究仍发现两类新颖材料的 N400 不可分，反对把 N400 当作成功隐喻整合的充分指标。,none_detected,Brain and Language
NT-2CC2HQYF,2CC2HQYF,coulson_conceptual_2002,QBJTFBUJ,Conceptual integration and metaphor: An event-related potential study,Seana Coulson; Cyma Van Petten,2002,Memory & Cognition,10.3758/BF03195780,complete,false,yes,Coulson和Van Petten - 2002 - Conceptual integration and metaphor An event-related potential study.pdf,1eb88584d22eccea9245748be3204aa985aa70269b4570eeba2005578e1bfb94,11,readable_text_extracted,emotion; EEG/ERP; N400; metaphor,corpus,对隐喻性与 N400 振幅呈梯度关系的经典直接证据，但不含情绪操纵。,none_detected,paper1
NT-66IZGBKH,66IZGBKH,lai_comprehending_2009,N34CLWW4,Comprehending conventional and novel metaphors: An ERP study,Vicky Tzuyin Lai; Tim Curran; Lise Menn,2009,Brain Research,10.1016/j.brainres.2009.05.088,complete,false,yes,Lai 等 - Comprehending conventional and novel metaphors An ERP study.pdf,b8fec1a071e179f07ab8e0ca62d17e9359c22712e1be9d0aaa36fe5258029763,11,readable_text_extracted,EEG/ERP; metaphor,corpus,论文直接警告固定宽窗可能把不同效应混在一起，适合用于时间窗边界审计。,none_detected,paper1
NT-W4SGNNVL,W4SGNNVL,tang_context-modulating_2025,KNEVKX5E,Context-modulating effect on processing scientific metaphors: Evidence from ERPs,Xuemei Tang; Man Fu; Xiao Wang; Yixin Yao; Lexian Shen,2025,Brain and Language,10.1016/j.bandl.2025.105582,complete,false,yes,Tang 等 - 2025 - Context-modulating effect on processing scientific metaphors Evidence from ERPs.pdf,454b4da5d1267cb170106d4f665cd14bb3bb7cf4daa4e007df5ce21becb12e25,14,readable_text_extracted,emotion; EEG/ERP; N400; metaphor,corpus,直接支持语境一致性调节晚期正成分，但效应只在特定科学隐喻类型上稳定。,none_detected,collection2; collection
NT-K2W6GBCV,K2W6GBCV,yu_conventionality_2024,G9WR3PXU,Conventionality matters in Chinese metaphor but not simile comprehension: Evidence from event-related potentials,Yan Yu; Feng Gu; Yongqing Li; Jianghua Han,2024,Frontiers in Psychology,10.3389/fpsyg.2024.1404498,complete,false,yes,Yu 等 - 2024 - Conventionality matters in Chinese metaphor but not simile comprehension Evidence from event-relate.pdf,797dba70a946a0755015cc6caefcd02754aedbade6b205c21678efacae66139b,10,readable_text_extracted,EEG/ERP; N400; metaphor,corpus,说明常规性效应受比喻形式调节，不能从隐喻推广到明喻。,none_detected,paper1
NT-UH4G7YZA,UH4G7YZA,bambini_disentangling_2016,83JC32M9,Disentangling metaphor from context: An ERP study,Valentina Bambini; Chiara Bertini; Walter Schaeken; Alessandra Stella; Francesco Di Russo,2016,Frontiers in Psychology,10.3389/fpsyg.2016.00559,complete,false,yes,Bambini 等 - 2016 - Disentangling metaphor from context An ERP study.pdf,50208d42afd7e33d9b48139d46590314c761739c8c147b7eb19ad3ecd527631a,14,readable_text_extracted,EEG/ERP; N400; LPC/PCA; metaphor,corpus,直接证明语境可消除隐喻 N400，却不一定消除 P600，两个成分不能视为同一机制的早晚版本。,none_detected,paper1
NT-KMNAMCKJ,KMNAMCKJ,deckert_electrophysiological_2021,A6AHZ6L2,"Electrophysiological correlates of conventional metaphor, irony, and literal language processing – An event-related potentials and eLORETA study",Matthias Deckert; Michaela Schmoeger; Max Geist; Sarah Wertgen; Ulrike Willinger,2021,Brain and Language,10.1016/j.bandl.2021.104930,complete,false,yes,"Deckert 等 - 2021 - Electrophysiological correlates of conventional metaphor, irony, and literal language processing – A.pdf",4826d12b8cf1a21ee93aab26a05956d0c6271af1931b774d33070d249041da4f,15,readable_text_extracted,emotion; EEG/ERP; N400; metaphor,corpus,直接比较常规隐喻、反讽和字面陈述，但部分晚期差异仅为统计/视觉趋势。,none_detected,Brain and Language
NT-B5F5XG3T,B5F5XG3T,canal_n400_2022,ZIRZC9SU,N400 differences between physical and mental metaphors: The role of Theories of Mind,Paolo Canal; Luca Bischetti; Chiara Bertini; Irene Ricci; Serena Lecce; Valentina Bambini,2022,Brain and Cognition,10.1016/j.bandc.2022.105879,complete,false,yes,Canal 等 - 2022 - N400 differences between physical and mental metaphors The role of Theories of Mind.pdf,322aa738215af73bc3df3a88a40ceba06694d61afa776a88df8c11a7097efa8f,13,readable_text_extracted,emotion; EEG/ERP; N400; metaphor,corpus,个体差异影响 N400，但不能据此断言心理/情绪型隐喻受到特异调节。,none_detected,collection2
NT-SIQQH3LP,SIQQH3LP,menashe_n400_2024,NZJPCDA6,N400 modulations in metaphor evaluation and its associations with attentional systems: A behavioral and ERP study,Shay Menashe; Nira Mashal; David Anaki,2024,Journal of Neurolinguistics,10.1016/j.jneuroling.2024.101203,complete,false,yes,Menashe 等 - 2024 - N400 modulations in metaphor evaluation and its associations with attentional systems A behavioral.pdf,9b359aac847702179a40602945a18cba168c4b7bbb8560e5b2ff9006e93b9822,12,readable_text_extracted,EEG/ERP; N400; metaphor,corpus,常规性与注意网络共同影响 N400，但结果来自显式新颖度评价任务。,none_detected,collection2; collection
NT-2YE6KRW9,2YE6KRW9,zhu_role_2024,9SCEU4Y2,The role of executive control ability in second language metaphor comprehension: Evidence from ERPs and sLORETA,Jiaqi Zhu; Hongjun Chen; Fengyu Cong; Jianjun Ma,2024,Journal of Neurolinguistics,10.1016/j.jneuroling.2024.101211,complete,false,yes,Zhu 等 - 2024 - The role of executive control ability in second language metaphor comprehension Evidence from ERPs.pdf,2d5ee5cb5e3637f7b8cb0c3979b2bd3fe3a15c79a9504589519569bc2f98fbe7,13,readable_text_extracted,emotion; EEG/ERP; N400; LPC/PCA; metaphor; bilingual/L2,corpus,直接显示个体执行控制对晚期成分的影响不同于 N400，支持有条件的分阶段解释。,none_detected,Journal of Neurolinguistics
NT-3CV763RE,3CV763RE,weiland_role_2014,WHP53SXM,The role of literal meaning in figurative language comprehension: Evidence from masked priming ERP,Hanna Weiland; Valentina Bambini; Petra B. Schumacher,2014,Frontiers in Human Neuroscience,10.3389/fnhum.2014.00583,complete,false,yes,Weiland 等 - 2014 - The role of literal meaning in figurative language comprehension Evidence from masked priming ERP.pdf,a0195c1597c18683a64d16ebb6d99dcb4f2600e1aa752b1c7215517a1c8a9a61,17,readable_text_extracted,EEG/ERP; N400; metaphor,corpus,说明无意识启动和修辞类型改变 N400，限制把成分差异当作刺激固有属性。,none_detected,paper1
NT-GG4GWWBS,GG4GWWBS,pynte_time-course_1996,CWQ8AQ7Z,The time-course of metaphor comprehension: An event-related potential study,Joel Pynte; Mireille Besson; Fabrice-Henri Robichon; Jézabel Poli,1996,Brain and Language,10.1006/brln.1996.0107,complete,false,yes,main.pdf,381e928d6aae5e595615d7103b3cfa249125b009296a2bd236d8492263242fbc,24,readable_text_extracted,EEG/ERP; metaphor,corpus,对“隐喻加工普遍伴随晚期正波”的说法构成直接反证。,none_detected,paper1
NT-FMGCRBPQ,FMGCRBPQ,zhang_concrete_2024,XR8F463Y,The concrete processing of Chinese action metaphors: an ERP study,Yuqing Zhang; Shifa Chen; Yule Peng; Xin Yang,2024,Frontiers in Psychology,10.3389/fpsyg.2024.1362978,complete,false,yes,Zhang 等 - 2024 - The concrete processing of Chinese action metaphors an ERP study.pdf,1149861c976481358cfb2e24defa89353c1a1af6b4867e156318626b09d113ec,8,readable_text_extracted,EEG/ERP; N400; metaphor,corpus,支持隐喻的具体/动作语义调节 N400，但不涉及情绪效价或唤醒度。,none_detected,Frontiers in Psychology; collection2
NT-XCECFFQ4,XCECFFQ4,chaudhuri_eeg_2025,7H74T4YI,An EEG dataset on aesthetic and creative judgments of brief structured poetry,Soma Chaudhuri; Joydeep Bhattacharya,2025,Scientific Data,10.1038/s41597-025-06189-w,complete,false,yes,Chaudhuri和Bhattacharya - 2025 - An EEG dataset on aesthetic and creative judgments of brief structured poetry.pdf,54ae5a6ff6e5f77e79200c6451107416b37d743c1efff5074af09cde2ee9311a,12,readable_text_extracted,emotion; EEG/ERP,excluded,人审排除：EEG 数据集说明，不作为本项目的论文级主证据。,none_detected,Nature
NT-62IAIJLF,62IAIJLF,zhang_bilingual_2026,EHXYMVWY,Bilingual mind in action: ERP evidence for semantic representation during code-switched metaphor comprehension,Bin Zhang; Xiaoming Zeng; Zhe Zhang,2026,Asian-Pacific Journal of Second and Foreign Language Education,10.1186/s40862-025-00382-5,complete,false,yes,Zhang 等 - 2026 - Bilingual mind in action ERP evidence for semantic representation during code-switched metaphor com.pdf,0cde5e0304acbd911ebda1f312d41d33995fd3bdd0727853349298fd02d4d492,19,readable_text_extracted,EEG/ERP; metaphor; bilingual/L2,corpus,补足双语代码转换隐喻的语义表征与ERP条件。,none_detected,collection2
NT-4YRMKG3I,4YRMKG3I,yao_dynamic_2025,RBPMIIZ8,Dynamic effect of context on processing L2 metaphors with varied conventionality: an ERP study,Zhao Yao; Xinle Huang; Mengrui Zhu,2025,Journal of Neurolinguistics,10.1016/j.jneuroling.2025.101269,complete,false,yes,Yao 等 - 2025 - Dynamic effect of context on processing L2 metaphors with varied conventionality an ERP study.pdf,c54fb58d2920d66295e2d1c87775f595d7281d6f7505e1773413cafa31473060,11,readable_text_extracted,EEG/ERP; N400; metaphor; bilingual/L2,corpus,补足L2隐喻的语境与常规性调节条件。,none_detected,Journal of Neurolinguistics
NT-UDGHLCIZ,UDGHLCIZ,li_is_2022,RK98KUNS,Is the processing of Chinese verbal metaphors simulated or abstracted? Evidence from an ERP study,Ying Li; Xiaoxiao Lu; Yizhen Wang; Hanlin Wang; Yue Wang,2022,Frontiers in Psychology,10.3389/fpsyg.2022.877997,complete,false,yes,Li 等 - 2022 - Is the processing of Chinese verbal metaphors simulated or abstracted Evidence from an ERP study.pdf,349ba48e3ca2424222b8da138105147654975314f096b1c450997761a1fc5d32,10,readable_text_extracted,EEG/ERP; N400; LPC/PCA; metaphor,corpus,补足中文动词隐喻的加工机制替代解释。,none_detected,collection2
NT-8AVKRMIR,8AVKRMIR,bambini_costs_2024,XKRJMLGF,The costs of multimodal metaphors: comparing ERPs to figurative expressions in verbal and verbo-pictorial formats,Valentina Bambini; Giacomo Ranieri; Luca Bischetti; Biagio Scalingi; Chiara Bertini; Irene Ricci; Walter Schaeken; Paolo Canal,2024,Discourse Processes,10.1080/0163853X.2023.2282895,complete,false,yes,Bambini 等 - 2024 - The costs of multimodal metaphors comparing ERPs to figurative expressions in verbal and verbo-pict.pdf,a691879b57679b649b4180b8096de264ba6c218d1a35b8da29b39dbd125df6fa,26,readable_text_extracted,EEG/ERP; N400; metaphor,corpus,补足多模态隐喻的任务/模态边界。,none_detected,collection2

